menus_id,user_id,评分
9237,11652,3
4347,14438,5
14894,12439,5
7521,11091,4
14215,15952,4
14006,12797,3
10484,6599,4
9676,15891,4
3268,8282,3
8790,13126,5
8526,8581,3
3060,6942,4
9333,2523,3
3760,9464,5
14680,9869,5
858,6711,4
3562,2825,3
3647,9581,4
13298,14082,5
1222,7774,3
6827,9931,3
12568,13014,5
1705,2376,4
11063,15078,4
7799,4789,5
7099,11980,4
14376,2518,3
7742,13852,4
7709,1362,4
7000,2587,4
7279,13392,5
9811,6301,3
14455,4027,4
3849,14677,4
12143,11235,5
14688,2244,4
12293,5226,5
5116,15983,5
14831,6275,4
8078,5122,5
9843,10456,4
1045,4559,5
1423,1714,3
1313,11717,5
8858,15036,3
13762,12524,4
6691,10654,3
10306,5444,5
13025,12215,3
5979,9401,5
4590,859,5
5856,11021,3
7226,750,4
10470,15907,3
14058,15635,5
1077,1312,5
13369,11526,5
2392,3089,5
10853,10729,4
6301,3706,5
4828,2306,5
5890,4001,4
12713,2221,3
10556,1341,4
7262,13624,5
12563,12952,3
9782,15377,5
11967,3663,5
4260,1642,5
2593,6430,5
4065,1747,5
4401,14326,3
5173,4382,4
7554,12712,3
5690,13308,5
7183,5652,5
6275,11597,4
10480,12566,5
8180,9656,3
3902,11971,3
12130,10143,4
8326,1880,4
4538,8986,3
8608,1109,5
4163,8020,3
2221,6281,4
11283,14200,4
943,2209,3
2477,2737,5
2369,2993,5
6204,7612,4
13271,13311,3
9112,11611,3
14763,8662,3
13364,11415,3
4029,15399,3
12740,6130,5
5180,9537,5
6802,13837,5
1319,3370,5
6059,12136,3
4448,12499,4
14345,4323,5
1680,11835,4
9625,1408,4
11625,12165,3
6304,2598,4
9089,925,3
3378,13127,5
2335,2682,5
11194,4026,5
5610,2842,5
5222,2995,5
4636,10266,5
11976,10895,3
8738,14696,5
10862,12933,5
7050,14027,4
6363,13988,3
5581,3064,3
9421,2296,5
11309,4341,3
8560,15536,5
14539,5582,5
14740,1890,4
6679,5041,4
9733,13933,4
2377,9848,4
2195,4570,3
10784,9775,3
8311,5438,3
768,5703,3
793,11561,4
2911,4274,4
5231,1222,4
11294,5431,3
11545,7735,5
828,7065,5
10726,10367,4
14228,2628,4
9274,3438,5
10486,11152,4
14102,2728,3
5561,7531,5
1349,6049,3
2881,9376,5
1232,5213,4
13301,1345,4
14823,9828,3
10795,14966,3
6001,8874,5
4651,6064,3
9076,9815,3
12033,15341,4
9073,4229,5
13393,12564,4
13084,3454,3
11399,12221,3
13141,15588,5
5552,4461,4
7094,10044,5
11742,11535,4
5863,11877,5
6680,14041,5
1453,6728,5
10861,7696,4
2297,13717,3
4690,747,3
6571,10570,3
10563,2670,5
1227,12385,5
7548,1055,4
2118,2987,5
5265,10540,3
2772,4993,4
3396,13506,4
9787,7825,3
3722,11795,5
9068,1589,3
2638,11762,4
4742,15982,4
14311,4418,4
9756,14214,4
5515,5740,5
13765,8022,5
10401,10331,3
10926,5772,4
11120,5514,5
9166,6510,3
6650,11867,5
14298,13073,4
7256,3567,4
9685,11084,4
12953,6576,3
10830,2045,5
12527,5479,4
6828,966,3
3419,4213,4
1058,13549,3
2261,4712,5
1840,13577,3
1030,5394,5
1449,14960,5
6596,13055,3
6552,10225,3
14312,11733,3
14028,7013,4
2733,12930,3
10255,5093,3
13509,2094,5
4107,5306,5
7921,2562,3
4933,6260,4
552,15341,4
6302,10299,5
3064,3414,4
8577,15238,3
7881,800,3
6172,15213,4
3125,10570,5
12892,12790,3
6431,8982,5
6898,2222,4
5641,12614,5
13424,3480,4
14038,15687,3
4647,1613,5
10354,1854,3
13636,14571,4
14120,4392,5
1809,5082,3
14304,7898,5
12165,7940,3
12426,6118,3
14561,15202,5
8361,8756,4
8828,15730,4
13907,650,3
12536,15863,5
10558,14530,4
5666,5996,3
9574,11860,3
11157,3118,3
11828,7705,5
12533,4150,4
14072,11644,3
12937,6864,4
13055,9147,5
8369,9962,3
10741,14930,5
5224,15603,3
10602,3244,4
6926,2216,5
8455,2913,5
13851,5589,3
12427,8547,5
6148,15768,3
13112,1491,3
8236,4297,5
5403,11550,4
10299,10109,4
2671,4209,4
2154,2027,3
8639,5263,5
5527,11772,5
5857,2775,5
2900,8950,5
11240,7488,5
8896,12578,3
1814,15280,3
4390,8909,5
8623,15546,5
5434,4917,5
1078,7913,4
14972,12537,3
11390,14584,5
1455,7882,5
11485,13288,4
14932,2166,5
6109,7514,3
4642,10356,4
13218,14308,5
4349,3028,3
9973,8889,5
5263,3948,4
7909,10419,4
3109,1991,5
14159,3893,3
1362,7892,3
6076,9441,3
8108,9769,4
11359,8805,5
8400,8243,4
14658,10867,5
5586,5148,4
4427,6266,4
10662,1606,5
13396,3176,3
7893,4209,4
7726,14059,3
735,8507,4
1660,4861,5
14632,10275,5
8524,6119,4
14684,14058,4
9273,15636,3
4698,6392,4
12398,12505,4
11730,14609,3
2182,8695,4
14662,2949,5
14747,11203,4
5859,5904,3
12684,14573,4
10362,15242,3
13451,3120,5
2065,11865,3
7398,13422,5
11502,9906,3
12286,2924,5
14144,8175,5
9906,4309,5
12021,3928,4
6709,3137,3
1900,3183,5
3213,10465,5
1820,7312,3
8293,15914,3
10301,10501,5
8519,3777,5
870,4756,3
5451,9714,5
9943,8075,5
7704,4133,3
10541,9779,4
12128,14749,5
1247,9855,4
10768,3520,5
9751,2070,4
14981,7202,4
1059,12929,5
11811,5472,3
3846,3761,3
12993,1597,5
3470,6023,4
9994,7413,5
4511,2472,4
5953,15560,5
11524,11874,3
9505,15237,5
6912,11508,4
1899,6983,4
11605,4514,3
14947,4878,3
11815,1219,4
3989,6061,5
13019,12043,3
9325,12130,5
12108,3405,5
14319,14216,3
2014,2918,3
9538,15198,5
5596,5394,3
4787,10477,4
13553,7478,4
10152,1147,5
14718,7043,5
10509,12001,5
7615,828,3
2157,2369,4
3712,8022,4
3547,8914,4
8587,5893,3
7039,14852,3
11929,13163,3
8933,7470,5
6895,9621,4
6122,10349,5
6179,5990,4
14371,14773,3
8288,2959,5
12018,5199,3
12144,11385,3
6960,7041,3
2828,963,3
14649,903,3
5737,10244,3
8636,5152,5
13891,4966,5
5784,15919,5
1103,10593,3
7635,8900,5
3229,12489,4
8977,15940,5
11414,12188,4
12834,10100,3
12503,14978,3
14184,10284,5
1139,12776,3
8873,13611,3
5961,10232,5
4844,690,4
10980,13161,5
6730,6920,4
11982,11981,4
6436,8707,4
1738,15857,3
5154,9952,4
11129,7849,5
5233,13555,3
12378,5996,5
12212,1693,4
4133,3098,5
14820,12499,5
6448,13934,4
14412,12187,4
10439,7195,3
4375,13156,5
9169,6835,5
13208,12162,3
681,10858,4
3713,14116,3
4004,7989,3
4639,14563,4
12161,8635,3
4525,606,5
3429,8061,4
9693,7151,4
1209,13422,4
13201,1838,4
5973,14283,3
8842,9433,5
11821,9001,5
5758,8421,4
7239,2887,5
2730,877,3
13106,1758,3
10067,14624,5
1874,3111,5
2522,4888,4
14405,9607,5
9720,15151,3
12356,13880,4
13085,12994,4
14024,778,5
14585,1454,3
10823,15804,5
7781,2068,4
12383,13355,4
1766,10699,5
9164,4984,5
9317,13496,3
8737,6756,4
6582,8077,3
4687,1032,4
7513,5030,4
10577,1206,5
8563,8647,3
1570,15048,5
8556,14010,3
7131,2549,5
14568,3772,4
7622,7751,5
8481,753,3
1197,1063,3
9213,2015,4
9307,10452,5
14099,3164,4
9218,14533,3
4504,7644,5
3586,619,5
6421,7533,5
4419,7631,4
13330,4577,5
8130,1739,5
11647,14770,5
13443,12267,3
13932,5734,5
7711,14839,4
5847,6271,3
7596,8968,5
13265,15832,3
7636,2561,5
10599,14376,4
774,8657,5
7938,5836,3
7169,5998,5
11434,4924,4
7765,11898,5
4421,15579,3
5135,12058,5
10590,12754,4
10533,6645,5
13054,5970,4
9539,4556,5
14934,2733,4
4320,2179,4
6149,4352,5
1912,3203,4
5743,6987,3
5740,7460,4
14313,13620,5
3675,834,4
10505,2872,5
11008,14995,4
5967,3980,3
12717,7466,5
9499,10563,3
7118,11763,4
9824,12753,5
4727,9917,3
11954,12532,3
11072,8612,4
13724,2189,4
11674,13582,3
12312,14702,5
13368,959,3
527,7231,5
3847,7344,4
1845,4993,4
8941,2504,4
6870,1510,3
3046,9970,5
11975,15896,3
13304,10381,3
7870,7055,4
5002,5108,3
7537,12286,4
12825,13479,5
13687,14656,4
4540,9845,5
6372,12537,5
13769,13667,3
4109,6647,5
727,14355,5
10797,12614,3
5310,12803,5
3173,2599,3
8803,12223,5
5365,3183,3
10425,14303,3
13278,7138,4
10083,14588,3
12537,5801,4
10271,5343,3
13772,2056,3
1975,6458,5
12067,14028,4
3366,12511,4
9600,14917,4
13151,13395,5
13140,13050,3
1815,12927,3
6243,621,5
5879,2099,3
6178,1942,5
14001,5936,3
14941,2289,4
7047,9642,4
2146,15665,5
8205,7182,4
11479,14067,4
13040,7856,5
2143,10334,5
4288,1530,5
12755,7425,5
2256,15005,4
12802,8601,5
12175,10684,5
11030,6832,5
3040,1229,4
3859,4519,5
10902,11805,4
1709,11674,5
3201,8586,4
7528,8918,5
8618,5927,4
1780,2651,4
8516,5336,3
10482,7195,3
7631,3761,5
1854,11432,5
8665,7978,5
7197,13760,5
1413,2906,4
739,5876,4
7143,3207,5
14685,2372,4
7527,7214,3
3279,1895,5
3230,11102,4
1549,2410,4
795,9079,3
2005,2996,3
4861,5992,4
1528,7962,5
2092,9400,3
935,15141,3
5616,13564,3
677,8151,5
12191,15271,5
11636,10531,5
7500,3751,5
14775,15717,3
1328,1643,3
10542,15961,3
1308,7024,4
955,2503,3
5152,9643,4
2445,4834,5
3758,6642,4
5895,3662,3
13060,15122,5
3054,8612,5
8247,13042,4
7556,4616,5
13837,11651,3
12476,12659,5
9608,3742,5
11367,3074,5
591,12947,3
9559,6421,5
1338,8925,5
9692,10340,4
9857,8585,4
1735,11475,4
8096,4656,4
4920,12771,5
2033,3234,4
9713,12899,5
1029,11067,4
8145,10607,3
9512,3563,3
13177,6632,5
3743,1708,4
975,635,4
1202,11450,4
10022,8799,3
10925,8357,4
3428,970,3
4987,14806,3
7592,6860,4
12890,15075,3
6486,4504,4
4080,1115,3
7229,7006,5
12564,7827,4
11871,3778,4
6008,1084,4
6955,12355,5
12182,15306,4
13531,11450,5
12908,10944,5
9179,4078,3
14749,10559,4
2853,9313,5
9251,8234,4
11595,2790,3
14886,13824,4
609,1568,5
592,1524,5
6273,4650,4
14462,5935,3
10442,11854,5
10127,3133,4
10118,6875,4
4219,11016,5
6245,10092,5
11879,12112,3
755,11643,3
10625,4935,3
2275,11527,3
11774,13954,3
9348,11503,4
840,5775,3
1550,11951,3
1238,6912,4
1473,2437,4
8973,2918,5
10666,8717,4
4582,9006,3
5841,12084,5
4321,10512,3
14214,12156,3
5697,7341,4
8965,3826,4
5820,15102,5
11962,9612,3
4694,10975,3
2983,5454,5
13370,6805,5
8030,13376,5
5440,15674,3
6437,5970,4
3301,15016,5
5161,15827,3
4554,12654,5
1851,13411,3
4467,4133,5
14121,2225,4
5593,15124,4
1439,4884,4
2122,4958,5
3855,7791,5
5166,561,5
8918,5439,3
6425,2561,3
14853,1391,4
6378,1874,5
7744,2352,5
9300,8359,3
9506,3120,3
10347,4044,5
11633,7859,4
13751,15821,3
6398,2432,4
8911,1260,4
1101,5721,3
13046,1151,4
12179,14604,4
8504,8828,4
6107,8517,3
1850,12995,4
5447,12655,4
14519,12198,3
1359,11292,4
6707,7729,4
14533,4794,3
8148,9864,4
14969,5360,3
6407,1572,4
834,10520,5
8912,5930,3
5653,582,5
12470,14175,4
5266,11156,5
10650,10977,5
764,15926,3
7022,1027,4
2803,4516,4
7119,9308,3
13596,8482,5
12955,4913,5
7017,2225,5
11630,6587,3
8008,7661,3
7705,3437,4
6472,7353,4
818,6247,4
4290,12141,4
10786,3056,4
11677,15263,3
9357,3070,4
1743,14190,5
4534,12259,4
7025,4697,4
14520,617,3
11160,10465,3
10865,6314,5
5045,11446,3
14409,10218,5
14815,3382,3
5210,13933,5
8849,6687,5
3573,5234,4
14183,15550,3
8778,1085,3
6513,6236,5
12999,8630,4
11308,12438,5
4196,10161,5
8310,15592,3
1614,7656,4
7798,13108,3
11858,6912,5
10017,13980,5
4585,8851,3
11650,5178,5
5776,1561,3
7917,12748,4
3193,871,3
7992,3502,3
3372,7443,3
3402,6347,4
8339,13990,3
3223,10134,3
7930,14660,3
12835,9570,3
9023,3616,4
11247,15647,4
9247,1111,4
12538,4305,4
8630,8793,4
2892,1381,5
7572,13933,5
1522,11677,4
10236,13095,3
13632,7013,5
3019,1005,4
14206,7435,4
6512,15172,4
14416,4840,4
9702,14323,5
5392,6949,3
1019,1338,5
10922,6833,4
14442,2735,3
4337,9207,5
12710,4245,4
9397,5147,4
9789,4922,5
9635,2256,5
7757,14815,4
14251,12833,3
773,669,5
3459,6756,4
7405,10152,3
5605,12395,5
5998,13806,5
4725,2444,3
4866,9263,5
1542,13637,5
10549,1161,5
4837,9143,3
11506,14223,3
14908,2727,5
10809,15675,5
12524,4553,3
7435,14791,3
10395,12322,5
2428,5980,4
13840,4790,4
4295,3838,4
11042,1872,4
3017,9159,5
13731,15347,3
11900,10014,4
13479,5614,3
11392,11953,5
7431,9074,3
10504,4848,5
562,5266,5
1320,9968,5
3028,5757,4
14069,9952,5
6323,14768,5
14964,14438,3
10719,3847,3
8100,13391,3
626,5663,3
10452,13500,5
9655,1834,4
11784,5296,3
9866,7647,5
8624,2599,3
13442,732,4
7346,8789,5
7660,8049,3
14002,7332,4
12192,15530,4
776,9560,4
7980,2989,3
9174,8554,5
12818,2821,3
14512,1597,4
1569,3245,4
9847,13951,5
2860,2997,3
11510,14373,4
7538,11263,3
9366,2634,3
5753,1538,4
1526,12880,3
11033,10898,4
7804,4558,4
5742,9152,4
1105,10715,5
9304,9499,5
7952,7145,4
7854,14131,4
5454,7918,4
8015,8839,4
12147,12814,5
9038,2944,3
13933,15840,5
6675,9739,3
5325,854,4
1946,13930,5
12846,14318,4
13202,2401,5
10477,4143,4
6246,2774,4
2021,6541,3
1982,3073,3
5828,7845,3
2086,8196,3
14861,13399,5
1627,9673,3
2606,6058,5
12608,1465,5
12177,6186,4
13101,13534,3
4433,13898,5
4564,4560,3
2765,5476,5
8997,7843,4
9100,11756,4
8601,3906,3
537,6133,5
12247,3957,4
9519,11954,4
2557,5025,4
4106,5856,3
3140,10445,3
12909,13147,5
7947,15305,4
14246,4483,4
7040,11471,3
9054,5182,3
2779,5383,3
4967,11199,3
12334,7360,4
8275,1622,5
5081,2365,4
571,3283,5
4389,5384,4
3087,4476,4
4670,8128,3
705,714,4
13989,10165,4
12840,3174,4
4031,14988,5
4790,7507,4
10618,9261,5
13482,10970,3
8498,2020,3
9628,3976,4
3828,5062,5
8712,1656,4
825,1275,4
12266,4006,5
2955,11065,3
10845,2171,4
9454,14794,4
11836,3502,4
5518,3923,5
8430,7557,4
14106,6238,4
12064,2783,5
7853,12049,3
8357,11963,5
9103,9307,5
6504,2488,3
5660,13128,4
8654,8450,4
9046,9539,3
4114,3830,3
8999,4181,5
6975,5052,3
6036,1749,4
2735,11010,3
8345,14705,5
12239,12459,4
11717,13047,3
2337,13344,4
12066,15792,5
14269,14834,3
6487,13636,4
1443,10176,4
6694,2940,3
10518,13980,4
3360,3672,5
10157,3950,4
11279,3765,4
10708,12635,3
2205,4219,3
7760,15177,3
5566,2117,5
10986,1719,4
13647,839,4
11082,3575,3
8728,11444,5
2720,8222,3
927,6155,5
8582,14656,4
14182,9699,3
4949,602,3
14721,3443,3
4457,9505,4
4772,3293,5
12338,2093,5
11127,9439,4
4434,10416,5
8724,1993,5
11311,14415,5
12870,2151,4
9385,15952,5
8895,1897,4
1187,5119,3
6815,7772,3
10616,15329,4
8934,3842,4
814,11115,5
13991,13204,3
1662,8516,3
13881,10565,3
7706,1248,4
12806,8319,3
7965,2864,3
11482,4884,5
5107,5939,5
11141,5518,5
14830,15345,3
13521,686,5
14419,8608,5
3424,14960,4
9019,13597,4
12920,15123,3
12203,15630,3
4197,9332,3
3044,15337,3
4638,563,3
5797,10755,3
11304,14107,3
11754,2014,4
14165,4449,3
4988,2506,5
9730,950,3
13004,13899,3
3303,3948,3
12096,12733,5
6550,5961,5
7889,10215,4
6141,14062,5
12122,12764,5
3918,10281,4
9729,2958,5
6188,7554,4
9262,8295,5
12654,13723,4
12016,7113,4
10873,2573,5
3808,15033,4
9940,6970,3
11334,12338,3
6045,14617,4
5868,15735,4
6592,8454,5
9540,5084,4
14608,12499,3
12370,3130,4
7424,8999,4
1191,13625,5
621,11002,3
5752,9527,5
5887,10671,4
8763,7331,5
14077,14001,3
13533,4932,5
1841,1796,4
9978,4765,5
2441,9944,3
6686,12424,3
14540,11307,3
7032,3713,3
8705,13928,4
14082,3016,4
12659,7304,5
694,14475,3
6305,6788,5
5444,14620,5
4748,12844,5
8344,2517,4
3203,9385,3
14130,15919,5
13282,10320,3
3107,13035,5
9992,6506,4
8486,11422,3
14289,14610,4
14898,8402,5
3068,8429,4
14609,14105,5
13653,3272,3
14782,3289,3
4673,12518,3
4289,14900,4
4963,9258,3
1254,9065,5
11785,3472,3
9607,6469,4
9417,12595,3
1930,3809,3
14493,10473,5
6530,15376,4
7154,6001,3
2536,12729,4
6444,15600,5
1771,6584,4
7020,14116,3
4798,9070,4
13302,8566,4
12917,9561,4
6314,848,5
3497,4203,5
11602,13385,3
14453,9486,4
3899,2064,5
5897,12179,3
985,14033,4
2612,10363,5
4958,12981,5
2980,7600,3
10700,14835,3
4982,12508,4
6683,5292,5
3782,13689,3
4135,2922,5
11214,15177,5
1535,5256,3
9254,2787,5
4816,4880,4
7647,1599,5
8079,15753,5
5356,5351,4
3289,11892,4
13715,15349,3
3388,4533,4
11728,8762,4
11537,10525,3
6140,2492,4
871,10246,4
4587,12632,4
12798,15394,3
8861,10640,5
11678,7221,3
3829,2379,3
2746,10036,5
10261,4206,3
3057,2319,5
9580,1764,3
13988,13642,5
6760,1007,4
10055,9462,3
4456,7793,4
11505,3641,5
2436,12512,3
13541,11342,5
13191,7583,5
4622,12858,4
618,8104,5
5749,9917,5
14422,4530,5
2585,3233,5
1684,12081,3
13869,11409,5
14196,12328,5
10444,12063,3
5183,13982,5
5132,5551,3
7802,10952,5
2816,15199,3
5523,3709,3
11661,1005,5
2616,5653,3
5602,14352,3
535,9843,4
3494,9178,5
4610,12372,4
14634,8986,3
2840,1221,3
10372,12160,4
12748,14268,3
3703,6786,4
10957,14685,5
1740,14662,3
7311,4758,4
8470,11691,4
13012,7652,3
4878,6914,3
11849,7851,3
7715,4585,4
12612,2963,3
2618,4409,3
11793,15381,5
8632,11674,5
9938,3843,4
724,2448,5
5676,2000,4
12440,14546,4
8929,11882,5
11215,3871,3
5955,6935,4
14783,1619,5
3999,9501,4
8774,5057,5
12453,11536,4
5226,5827,5
13670,8845,5
1667,3317,5
8627,5771,5
1988,10138,3
6903,6759,4
7746,11294,4
1856,8385,5
7400,13971,4
11812,8417,3
12348,2380,4
1603,2082,4
9739,1908,3
3305,4444,4
2974,5347,5
1483,6065,3
3460,15780,5
2542,14419,5
10270,5569,5
5380,5557,4
10072,10377,5
4360,11166,3
9715,10822,5
925,7082,5
5055,2354,5
12305,4236,5
11584,11141,4
9900,3801,3
9173,12986,4
7241,14228,4
14116,13926,5
7469,15643,3
7996,5923,4
13043,4796,4
6805,9788,4
3831,12941,4
5583,14927,3
8214,4337,5
731,5824,5
7480,3507,4
8111,1368,4
7138,7786,3
14536,6112,4
3236,3904,5
8457,3710,4
14891,4908,4
1730,3810,5
8402,12187,4
11140,737,3
6175,10122,4
14844,3622,4
12295,7217,3
1245,8807,4
12007,7460,3
4767,9003,3
13184,5195,5
1118,12126,4
2649,1037,4
6176,9903,4
2373,1537,3
2824,13760,5
11709,4812,4
4943,3474,4
2966,9659,3
7058,11080,5
8036,3616,3
11902,12007,4
12226,3980,3
10025,3457,5
12865,15041,3
8480,10382,4
13937,4255,5
14613,10789,5
13559,4955,5
576,15110,4
14528,11927,3
1061,777,3
507,14152,5
10107,11864,5
10947,14668,5
6244,14818,4
8157,11384,4
1215,10608,3
728,15992,5
8889,12773,5
13226,13338,3
13313,8413,5
8346,8923,4
4490,7546,5
9458,901,3
9331,13658,3
3844,12824,3
1729,1141,3
5827,13695,3
11413,2927,4
9727,10249,5
509,9567,4
13249,10106,5
14088,2654,5
1864,9510,3
12048,1423,4
11592,4849,4
736,5662,5
6865,2605,3
683,5852,3
14323,15560,4
9260,1415,5
3627,7547,4
13161,15671,3
4476,11305,5
5459,937,5
8661,8660,3
910,13917,5
14093,15598,4
6630,15151,3
11971,11656,3
11332,7033,5
14278,7730,5
12584,11171,4
14424,9945,5
10955,15329,5
13787,5743,3
12006,14000,4
10367,967,4
9531,11890,4
9259,11897,3
6555,6951,5
1673,3145,4
10979,9327,3
1217,11647,3
13859,3776,3
777,617,3
7238,3114,3
9375,8191,4
14467,9690,5
1157,3760,3
6254,12015,4
10371,12917,4
10095,2375,5
12363,14035,5
11499,11069,3
8829,10103,4
4028,8000,4
2670,11109,3
902,10950,5
643,2481,4
2426,12715,3
13518,5561,3
8059,11248,4
10089,4149,5
6695,10839,5
9645,13590,4
1304,3416,3
7288,8006,3
9652,9604,5
8787,12128,5
10799,14367,4
746,8603,4
1585,11363,4
6121,871,3
8312,11666,3
9318,7432,3
2272,14030,3
4908,4200,5
13125,1413,5
4936,7812,5
6997,10147,3
2464,13428,5
1048,4648,4
3218,3338,5
12437,5044,5
13200,2062,5
1941,12747,3
14865,12161,5
14511,13356,3
6017,10076,4
11846,7204,4
14169,12312,3
6058,2003,5
1382,13162,3
3367,759,5
8473,1899,3
1599,5082,5
7401,11544,4
6583,9675,3
9400,5700,5
8684,6959,3
5099,4221,4
5471,3930,5
4043,4041,5
7988,9026,3
11842,12330,4
11944,2559,5
13990,14994,3
11124,1794,4
13567,8256,5
4429,1132,5
12056,15667,5
5157,3994,4
13956,14032,4
12589,5944,5
13126,9527,3
12595,13594,5
2888,11554,5
14623,1529,4
14382,10097,5
7683,11093,4
10553,10372,4
12407,557,3
7166,3845,4
8800,12723,4
4204,15322,4
14209,3790,4
7381,2115,5
4774,12918,3
14619,880,3
12412,14402,3
6291,12065,4
4440,3137,4
5092,3084,3
5208,12598,4
6091,9393,3
14164,12399,3
10323,1428,4
11227,12758,5
5396,14925,4
12724,9542,5
1395,4118,4
2209,9553,4
553,15460,5
12928,4805,5
5489,15454,3
6848,6271,4
2108,1115,5
12932,2342,4
12693,13881,3
12083,15395,5
2170,502,3
11691,691,3
1186,2025,5
13145,12583,3
11474,1453,5
14333,13432,3
10560,6629,3
3950,1780,3
11400,9353,4
3994,10162,5
14205,14359,3
7016,8376,5
14040,5183,3
6430,2227,3
7932,10972,4
623,12928,5
9270,5255,4
6626,10270,3
13555,12536,4
8359,7650,4
3293,4414,3
2312,10534,3
7203,13785,4
2411,786,3
1337,9209,5
12053,7340,4
10588,5344,5
1979,1160,4
11035,12899,4
8147,12485,5
7499,13148,4
10381,13510,5
13761,13753,5
10226,9120,4
12552,2077,3
10820,3131,3
11317,8145,4
2340,3956,4
11686,7650,3
2641,5386,3
4428,2970,3
8210,9220,4
9808,10295,5
1751,963,3
3027,5101,3
4157,4755,4
570,14364,3
4604,12915,4
1315,12693,5
13790,2110,3
10514,12124,3
10848,12590,4
2078,4069,4
10995,7954,4
2796,763,4
9862,2589,3
14812,14446,4
1119,10148,5
2584,12830,5
14703,12591,4
10251,12878,4
1584,15914,5
14243,8736,4
4986,13236,5
14193,2939,5
9261,12408,5
2151,6610,4
9204,14445,4
3381,14473,5
9903,10737,5
8769,1275,3
4462,3657,4
12438,12794,3
13480,15897,3
10612,11582,4
4514,12899,3
14224,537,4
2613,3328,3
11220,12902,5
3097,8665,5
7027,10881,3
8586,8222,4
6066,4314,5
14872,7488,4
9916,7290,5
7012,4729,4
3030,3479,5
9712,11345,5
10058,15440,3
3851,14147,4
8373,8382,5
14017,13246,3
3666,10226,3
9594,2786,5
12664,15418,3
2788,3176,3
6711,11020,3
11340,6527,4
3764,6638,3
12803,9447,4
3936,2796,3
9491,7915,5
3478,12519,5
10336,5126,4
2535,2503,3
5948,3567,4
3677,1045,3
2404,11198,4
11483,5921,3
7451,13218,5
8307,10409,4
8645,809,3
11788,10163,4
14076,11951,5
13677,7523,5
2317,13317,4
6116,14444,4
5980,11500,5
2492,14879,5
9044,13112,4
12105,5854,5
6236,8330,5
2423,10821,4
2904,2741,3
2844,3170,5
13535,11154,3
2600,7202,5
4297,2216,4
1479,12751,5
7481,9991,4
10638,14922,5
4326,3641,3
10044,15589,5
4187,8401,3
2829,11703,4
5584,6517,3
11235,6403,4
6701,1099,4
8222,10367,5
7645,10158,4
11624,14709,5
2055,10542,3
1324,9455,5
11186,2027,5
7112,10210,3
9686,4113,4
5750,9644,3
3267,11591,3
6840,13422,5
12466,10919,3
6152,7365,5
5748,8563,4
10969,10768,3
7210,13754,3
14761,5227,5
5779,8580,4
1427,3827,5
11211,5334,3
13130,5578,4
11721,8014,3
13961,5145,5
10635,7865,3
5340,9090,5
4344,10254,4
5146,10039,4
10412,14926,5
13686,4919,4
7716,5772,4
9070,5282,3
8350,13448,4
11256,13432,3
14283,3163,5
7487,11614,3
7654,5245,4
1460,2863,3
4661,14836,3
11464,3230,3
3042,11279,3
10824,4243,4
7336,4735,3
1776,14809,4
4741,9075,5
11169,11361,3
5639,4413,4
6921,15196,3
4341,11341,4
10307,3403,3
14631,4326,3
5724,9693,5
558,6943,5
10983,4350,5
7731,1737,5
5777,12245,4
6333,2057,4
14824,11960,5
948,11121,5
10817,15236,4
14328,14423,5
1606,11662,3
12560,1218,5
1248,5535,4
9913,8675,4
5415,8702,3
10278,8916,3
8969,6396,5
13062,4594,3
13505,9249,5
2167,8319,4
8508,4043,5
2518,5257,4
5851,13845,3
7511,6143,3
2023,3103,4
13331,8404,5
5296,908,3
7139,7381,4
12754,6775,3
6193,6016,4
11022,5057,3
1671,6760,3
10675,3865,3
9466,15272,4
2727,9640,4
9833,13800,5
13716,8836,4
4953,5702,4
3576,1803,3
1675,12666,4
3121,6734,3
6307,14063,4
2440,10146,4
7564,15217,3
2063,1279,3
560,11158,3
805,11762,3
1306,11987,5
13102,5117,3
11395,15391,5
14541,13791,3
8657,12477,5
8995,8537,5
5718,5922,5
9514,14928,5
4152,3954,3
4769,7678,4
12166,6887,5
12425,14056,5
2309,10482,4
10725,8865,3
5484,6090,5
3738,614,5
7334,10090,5
7421,3393,5
14676,4826,5
1343,9222,3
5351,15078,4
4113,11480,4
14473,5189,5
10004,10270,3
12445,9792,3
7340,15378,4
984,5762,4
12390,1980,4
7247,602,4
11599,539,5
5317,3828,3
6569,11636,3
8283,3562,3
9230,7467,4
11837,12921,5
2253,11544,5
5806,11168,3
3953,2464,3
4876,15401,4
12231,3789,3
3248,2144,4
9442,3912,4
4149,6906,4
7147,1400,3
14281,13682,5
7811,13854,5
4439,9296,3
11473,12728,4
8469,14349,4
14057,15166,4
14117,13322,4
4174,10459,4
3324,2789,5
778,2422,4
3655,11949,3
10970,2876,5
6640,14891,3
11196,15536,5
3735,3362,3
5976,8700,5
4485,6563,4
3817,13384,5
9410,936,4
12558,11279,5
7182,13951,4
7610,1002,5
13291,5993,5
1566,858,3
13546,15406,5
8509,14794,5
13627,2495,4
2935,13270,4
12509,9585,3
1024,12816,3
4042,12909,4
5683,10835,3
12014,12453,4
6374,11529,3
7785,5613,4
13044,6885,4
14781,13927,5
4452,2217,4
1594,10882,4
7655,2468,3
13588,5264,3
11319,15950,5
3106,15399,4
7874,1323,5
9424,13738,3
8327,12265,4
5646,3105,3
5601,12838,5
6226,5878,3
9700,11476,4
6804,14213,5
7542,4731,4
4130,6640,3
2729,12847,3
6019,13492,4
10507,1594,4
9690,7158,5
13664,11231,5
8839,10529,3
6435,5694,5
13943,14246,5
5041,3272,5
5647,13384,3
14185,12014,4
6466,8920,3
10172,2538,4
12487,10487,5
9244,15936,4
2711,6579,5
11547,11540,5
4276,14136,3
2376,7627,5
14773,4648,3
11322,12634,4
9991,13108,4
6098,3608,3
5197,13443,5
640,12389,3
4066,4351,3
5370,13403,5
2469,9404,3
8397,4684,5
1050,11598,3
13605,5478,4
824,5233,5
12197,1337,4
13649,5492,5
6866,12665,3
1825,8693,4
12929,5003,4
8758,7868,5
6379,504,4
9774,14404,3
3489,15609,3
8927,3683,4
11708,12619,4
13163,4799,3
10498,4047,4
6216,14400,4
6294,7364,3
1787,12870,3
8690,10988,4
6070,11625,5
14430,8701,3
14341,1313,4
5032,9060,4
12289,3345,5
7134,6557,4
9571,947,4
13703,15688,4
6566,1574,4
3696,5055,3
2760,13663,4
3176,14012,5
3629,7560,4
816,1814,3
1042,15147,3
6919,9431,3
4570,13169,3
10090,997,5
10964,10292,3
3967,11789,4
3518,9524,3
11095,8025,5
2777,10534,5
9648,1713,4
3437,1637,5
6131,13918,3
1163,9703,5
1321,6304,5
2342,1445,5
612,9182,4
10016,8470,4
11831,14904,5
2137,11193,5
13007,3828,4
2134,9656,5
13342,8990,5
2192,5308,5
1184,7042,3
5037,8744,4
7264,10513,5
1866,9343,5
11927,1029,5
3592,11495,4
1679,11912,4
1880,12436,5
2800,2193,5
804,6625,5
12429,4274,3
14249,1832,5
13838,6297,5
5472,3278,3
6778,10734,5
4711,8370,5
12411,12776,4
1881,13634,3
14813,12589,3
13886,13610,4
10327,1293,5
11264,13785,5
2898,6173,4
2008,12637,3
12635,3889,5
1459,4775,3
8309,4281,3
12679,10313,3
2311,7945,5
8673,14487,5
7911,14982,3
5286,9200,5
8265,6648,3
1750,5744,3
2684,13734,5
2098,12588,3
12559,15473,3
8593,9838,4
6285,9572,3
13339,4946,3
1398,956,4
11778,8722,3
11244,7975,3
4271,1284,4
6514,8321,4
6545,13643,3
2351,14180,5
11255,15175,5
12051,9120,3
939,3426,4
6280,15256,3
8984,15519,5
3468,13194,5
2356,9973,4
4884,7220,4
9835,6565,3
11206,2186,4
1005,3100,4
10284,5835,3
10248,536,5
14931,951,4
6852,11482,4
9526,2491,4
882,13868,3
10997,12876,3
3538,14828,5
11238,12094,5
1723,15234,5
8244,8218,5
7456,14844,5
13775,2774,4
14759,549,3
1824,8868,3
10101,10002,3
11924,5854,4
12515,13329,4
9887,4783,4
6654,2579,5
8675,1430,3
3838,12778,3
965,8201,5
11786,8489,3
14219,5173,4
2300,4851,3
12808,15435,4
1731,718,3
3794,11785,4
12135,11332,3
11205,12775,3
11212,7839,4
14532,9702,4
1873,6883,4
2224,1378,4
9606,9826,3
9413,3364,5
13118,13600,4
3454,5746,3
6893,11419,3
8019,6532,3
13828,1170,4
8055,4031,4
13674,10526,5
7383,7177,3
10908,13496,4
8281,957,5
14811,2157,5
12344,8106,5
1273,5642,5
2110,9093,5
5274,14270,4
7873,15224,3
14490,3517,5
12727,13331,4
8669,7210,4
3010,9780,3
6605,14705,3
3119,8511,3
14957,3920,3
813,3819,4
5692,11014,4
14705,7457,5
4822,9591,4
12964,4401,4
9987,10059,4
6100,7725,3
4038,13480,3
10210,15943,5
14240,14980,3
13329,11798,3
807,15802,4
12604,7717,4
2651,4316,4
8449,12996,3
1289,1124,5
4314,12828,5
4223,9924,4
4424,5131,3
6111,4610,4
14506,638,5
1791,10076,3
14267,11001,4
8266,12717,5
2971,10000,4
9882,10456,3
517,12747,4
13168,2415,4
7077,2437,4
5736,9465,3
8202,6882,5
3152,4137,4
11176,6899,5
13682,9962,3
6864,657,4
4731,14831,4
3741,12761,4
843,3262,5
10142,2999,3
7404,7437,5
10034,6747,5
8450,7946,3
7926,3567,3
3800,8250,3
14521,14093,3
7287,3095,5
13820,11160,3
13915,13708,5
12034,13862,4
10787,14098,4
13931,12450,5
14263,7804,4
12642,11714,4
13295,3750,4
11560,1857,3
11154,5030,5
3578,8075,5
2330,10013,5
11509,10865,5
12137,12761,5
13477,8458,3
12449,8010,5
11198,15596,3
11918,9903,4
10390,1443,3
8313,13918,4
2425,6347,4
10057,13876,3
11270,15659,4
5079,7511,5
11996,3617,3
12279,14554,5
10237,1908,5
5881,10582,4
3090,6324,4
7764,5115,5
9651,5156,3
2949,14272,3
3708,7892,3
10879,7239,5
11477,1792,5
5551,14337,4
1622,8796,3
3938,3512,5
11515,11752,4
4477,8901,5
2227,3893,4
3788,1887,4
1957,10495,3
9440,3812,3
9920,3832,3
7156,9934,4
10415,10455,5
7359,14174,3
1503,3729,4
14829,15341,4
8336,981,4
13921,3999,4
14801,3455,5
11561,10769,5
4061,11286,5
5526,8420,5
1951,5183,4
1513,3988,5
6775,7530,3
6664,11931,5
10190,10277,5
7809,2643,5
11822,1083,4
3809,2226,3
13425,11280,3
682,8584,4
3767,1640,4
12636,11274,5
786,9239,5
10762,8938,4
11974,1113,3
5481,15389,5
10320,12309,4
10094,3511,3
918,7754,4
8528,8130,4
3920,15978,5
9477,13720,5
10015,5755,4
5824,3885,4
10923,13173,4
3772,14074,4
9951,596,3
11275,2659,4
10473,9116,4
6902,11686,5
1299,4340,3
9742,4360,4
14426,7433,5
8255,9780,4
12973,5846,5
2852,3384,4
9298,2222,3
13673,1635,4
8129,548,3
1138,8355,5
6181,12625,5
13916,617,3
2785,13246,3
10458,9288,5
8798,5390,3
574,6169,4
11916,11859,3
10828,6698,4
4516,15974,5
897,10413,4
3674,10879,4
9806,3166,3
1152,15747,4
9185,14933,5
7019,10016,3
10660,7307,4
11872,6011,3
6880,2737,4
14599,753,4
10565,9526,3
3129,15516,4
5423,14638,5
14607,11574,3
8042,6592,5
7302,4652,3
12345,8094,4
6490,6531,5
12705,6235,4
14950,10516,3
10464,4118,3
5405,9911,3
1270,13329,3
8282,4342,3
2040,10212,4
11017,15142,4
1544,10437,4
10465,2634,5
11321,1444,5
9688,13462,3
7667,12550,3
13982,3855,3
9911,2875,3
1478,4004,5
9040,970,5
12914,12059,3
14900,9393,4
1309,6566,4
1786,1658,3
9021,2119,4
14591,2958,4
796,4003,5
6432,8236,4
12162,10003,3
13379,2103,4
3160,11517,3
11861,11290,4
11932,10670,5
8053,7446,4
10245,4190,3
12046,6693,3
14477,13145,5
1073,7574,4
5172,3456,4
14500,9404,4
2942,10583,3
8635,13964,5
6296,6484,4
4388,7379,4
3813,11443,4
6288,4178,3
11720,7164,3
3734,15501,4
12246,14058,3
4857,10276,5
1758,749,3
842,6711,3
13357,11544,3
10611,1023,4
7180,14407,4
1285,1781,3
12373,11696,4
4730,12499,4
8223,3386,4
14271,11426,5
13251,8735,4
4128,4018,5
13402,7783,4
14575,15288,4
7831,3311,5
6117,8667,3
9004,14527,5
4280,8814,5
11069,1161,5
4810,6128,3
8799,7500,4
2696,10293,5
2466,3509,5
7291,10050,3
8836,8483,5
9422,10731,5
3075,7500,4
7546,13674,4
5714,6937,3
6917,9254,3
11229,7335,4
2572,4089,5
13747,6355,5
11980,6780,5
13844,4774,4
6248,15097,4
6933,12442,4
6267,9551,3
564,3616,3
8493,6805,5
11047,14306,5
10684,9226,4
9658,12068,4
7053,4665,3
994,1614,4
7316,8528,4
4686,13961,5
14331,7553,3
14593,4635,4
1638,10446,5
3974,871,5
1628,10959,5
1104,7178,4
6153,7968,5
2862,10311,4
1779,6410,3
5267,4748,4
1527,7470,5
14516,14295,4
719,15831,4
5830,12242,5
2703,5723,3
4307,6513,4
675,13133,5
697,14059,3
13574,14704,3
1153,11987,5
9053,7281,4
7470,14513,5
3874,10632,4
1054,5401,5
5076,6580,5
2985,6117,5
906,13807,5
14914,12532,5
3827,4480,5
8122,6211,4
9249,8144,4
2184,14441,5
14389,3873,3
8403,12939,3
13261,1743,5
6965,12640,5
14965,3189,5
9952,5908,5
14135,12744,5
7730,13906,4
14856,13573,4
14222,14331,3
8407,1160,5
7068,784,5
1962,12534,3
627,13803,3
13738,2063,4
14443,4904,3
12751,869,4
6420,13004,3
9086,13472,3
5437,8218,3
8193,4658,3
14661,11507,3
7233,5441,4
9017,14163,5
9758,12895,5
10368,8714,4
959,3006,5
12291,9492,3
6863,5491,5
4729,8037,5
3341,3336,3
7531,2589,4
2234,7480,4
9598,12556,5
12450,10546,4
13788,9043,4
2179,13218,4
9837,7395,5
4938,10383,3
8315,1887,4
3209,1993,4
686,14891,5
14098,8267,3
14494,9464,4
5671,13254,3
14046,11040,3
2129,955,3
4760,6549,3
1698,10205,4
10532,7343,5
3001,10948,3
10977,13177,3
10049,2046,4
9191,760,5
10559,7454,4
3510,11598,5
12718,7545,4
1277,6332,5
14796,2178,4
3074,15176,4
4458,15043,4
11038,7639,4
10544,6432,3
12172,11083,5
13074,11344,5
7700,12472,5
6497,5855,5
5568,2580,4
11857,4749,5
13830,9039,4
12933,4878,5
1171,3220,4
11912,1715,5
6041,14159,3
5406,5352,3
5627,8524,4
712,13420,3
11223,5535,3
3852,1276,3
12911,9739,5
8381,4388,5
3198,10697,5
13685,11315,3
2000,15583,3
8138,9411,5
10046,11233,4
4947,12722,3
1601,11847,3
5936,5447,5
14578,3397,3
7815,13439,4
4722,12791,5
13655,1353,5
1278,11105,3
8092,9325,5
13412,6100,4
10268,14315,3
14548,10997,3
13526,3280,5
11408,9712,4
9082,1878,3
9245,4899,5
6651,15545,5
5150,15839,5
3552,6560,4
14277,11740,3
14943,9293,4
10598,4204,5
3265,5604,3
5302,2205,5
8007,9227,5
6186,15563,3
10567,2100,5
14986,10980,4
6604,3468,5
12730,8625,5
14577,11862,3
13398,1278,5
10353,994,3
10156,15268,5
10953,6827,4
4075,5564,3
4185,10614,4
4459,12747,5
12674,14160,4
11421,4273,5
8442,5368,3
5013,9043,4
7961,11846,5
3680,15244,3
11228,12854,4
2626,5279,4
9977,7720,4
11451,650,5
6688,12748,3
3853,14012,3
5727,3003,3
6970,8810,4
8719,10149,4
919,15916,3
12593,8841,3
3780,3975,4
960,8073,4
12777,10236,3
8677,5036,3
684,10503,3
3513,15322,5
11369,14171,4
12076,8197,5
13825,7013,3
1484,8228,3
5823,5759,5
12321,12895,3
5131,3455,3
11875,9213,3
1402,11881,5
9253,7923,4
12837,8465,4
12599,11630,5
12340,4656,5
12817,1116,5
709,11821,3
10632,11613,5
8099,3211,4
6882,12733,5
7063,7888,5
14877,3405,5
10554,1067,3
12298,1667,4
8815,13386,3
9895,6105,3
12774,12640,5
4962,10085,5
2475,1075,4
11207,11210,3
6541,4841,4
14174,8957,4
2790,11937,4
2710,15102,4
13287,14778,5
14825,12514,5
9755,2723,3
8035,10850,4
7165,11058,5
11847,7033,3
4014,13036,4
12073,15566,3
9777,4649,4
5314,3139,4
9342,11537,3
7463,15171,4
14101,9911,3
7194,11904,3
1595,9877,5
1794,1617,4
4852,3451,4
1924,2797,3
9118,14062,5
2072,13849,5
10736,10348,3
6134,6177,5
2211,5544,3
1256,9930,3
2034,2889,5
12404,10745,4
13774,15326,3
5275,12855,3
6922,15423,5
3031,2347,3
10105,8552,5
1303,10991,3
835,1213,5
11906,11366,3
4325,3844,3
6202,14521,4
9582,4024,4
10585,2412,3
11643,14348,4
14009,3973,3
2112,13381,4
8260,10037,5
875,9022,5
5215,7802,3
6319,10981,3
9113,3166,3
11193,9025,3
5257,6336,3
7285,7510,4
2409,15073,4
8568,10512,4
2185,5971,3
4519,2082,5
10672,8568,4
14677,11799,5
5932,13334,3
9293,4951,5
996,15854,3
3906,10418,5
7685,14895,3
2218,3200,3
9216,1290,5
2149,8178,5
6335,13244,4
4713,8687,5
12849,6683,4
3092,9442,4
1524,1146,4
10822,4288,4
2972,11758,3
6327,11743,4
8204,1322,3
8868,13472,5
1424,15207,5
5269,15768,5
14971,9687,5
1392,2116,4
10493,9942,4
1682,6560,3
8437,2553,5
11086,9096,3
5548,9571,4
8405,14597,4
4906,10260,4
9227,14381,3
13124,10789,3
8651,8091,3
11440,14547,3
520,11230,3
5212,2550,4
6413,9186,4
13006,4705,5
10314,13287,3
1492,2078,4
3281,6846,3
749,10650,5
10745,902,4
3035,6229,4
3117,10181,3
3096,14483,3
2894,635,3
6210,4435,3
9848,14875,4
3409,1480,3
2029,7850,3
1863,12386,5
904,13838,4
8386,5896,3
1330,8465,3
5349,14282,5
10774,7470,4
5767,9130,4
9893,11536,3
5726,2443,4
7208,8750,5
5199,12804,4
1531,14300,5
4037,10509,5
10081,6548,5
14035,15404,5
5701,5805,5
5974,6909,5
12086,1323,3
13783,11771,3
8867,12521,4
14288,11832,3
12756,10581,4
6681,11866,4
2028,10325,4
12458,13881,3
4659,8787,3
6942,5727,4
4464,7418,4
11106,12616,5
3126,890,5
4919,1071,3
2007,11200,3
6297,2710,4
1578,13286,3
5654,6580,5
11896,1561,3
10982,8395,4
4547,12662,3
9513,5659,3
14530,8601,4
11370,14581,5
14011,8912,4
14704,8641,5
5341,4681,4
13795,9561,5
1074,9335,3
12307,4803,3
5348,8792,3
10206,8854,5
3749,9435,5
5178,2078,4
7780,12416,4
692,5059,3
13439,1650,3
12578,1715,3
4195,14846,5
10479,9526,4
2863,4549,5
1583,3982,4
4261,871,3
11388,15344,4
10062,10730,5
13325,14958,3
6867,13954,3
14454,10998,4
2959,8054,5
1611,2229,5
6205,5373,4
966,2562,4
3287,5539,3
2793,1726,4
665,1622,5
5283,7453,4
1096,6193,3
2302,15013,4
4230,3200,3
11789,12024,3
5015,14120,5
1823,8603,5
6546,9212,5
6324,4975,5
14630,15594,3
14600,11678,4
5287,13996,3
6200,1255,5
1990,3238,3
8884,12388,5
7369,2591,5
3355,1036,3
6145,10815,4
9633,1160,4
11397,5793,4
1345,7599,3
13241,7127,4
2189,7028,5
5102,4483,5
2448,4983,5
568,10847,5
11946,11197,4
2357,13194,3
12381,11652,3
5585,4952,5
14148,527,5
5613,7621,4
7436,14975,5
11596,6234,4
1354,1000,3
2912,7350,3
8546,4474,3
7426,12746,4
5121,11748,3
11209,13075,5
2524,504,3
10103,13693,4
2482,9064,3
12749,11028,5
704,1136,4
706,7664,5
2109,4685,3
8000,8506,3
8268,13125,5
12747,10455,5
11174,10621,4
3285,5088,5
13725,13818,5
6535,10745,5
5353,2334,3
9644,10060,5
5799,9510,3
11878,5677,5
10315,8114,5
9528,15986,5
2319,5885,3
4616,9125,5
9831,5404,5
6016,789,4
11420,4402,5
4942,9303,5
13263,4984,4
6283,4393,4
9803,8373,3
1205,8024,3
5235,8507,3
10259,12560,5
8358,14367,5
13589,9304,4
6516,10484,5
1736,6760,5
1476,7727,3
4755,12156,5
13193,10068,5
9065,13773,3
13400,11730,4
10093,9798,3
9622,4098,4
10217,7825,5
8527,11264,4
3683,653,3
4833,12394,3
10140,11239,4
3506,806,5
6135,14256,5
13392,12153,5
8782,15862,4
7502,5280,4
6795,13742,3
1695,6141,4
4188,5446,4
1057,7321,3
9323,3957,5
1632,14168,4
11002,8312,3
2474,998,5
9277,9609,4
3376,13340,5
12814,1971,5
2930,14205,4
9908,710,4
12337,5064,3
11190,14618,4
2814,10707,4
8372,9505,4
11913,2183,5
4768,8133,3
8091,14189,3
12088,535,5
4991,4643,4
14562,865,3
9766,7839,4
3162,7506,3
8904,10977,4
10260,8450,5
5011,12013,3
9753,10905,4
11617,5678,3
10761,11255,3
1020,2864,3
7274,8860,3
6194,1346,5
7943,9800,5
14225,6231,3
8940,3707,5
11418,7901,5
5615,1025,4
11771,1359,3
9936,4045,4
4333,7938,5
12579,2118,3
5108,2106,4
13892,4072,4
6659,5416,5
9678,14622,3
14771,5703,4
10667,1890,3
14817,12371,5
4362,11153,3
9490,7756,4
5944,11864,5
12309,8352,3
11172,910,3
2589,8555,3
3133,5230,5
4081,15657,3
2437,4585,4
6423,9685,3
1342,10779,5
2976,9050,3
14985,10444,5
4627,13873,5
3131,14662,5
3005,9320,5
3517,14969,4
9737,11682,3
1229,3258,4
2669,2097,5
11376,10209,4
4368,13247,5
2808,14829,4
12882,10070,5
7905,11169,5
12339,620,3
12596,4975,3
13365,2065,4
9239,7014,4
2076,2460,5
12368,10056,3
9387,6427,5
14286,5873,5
2144,13967,5
3171,4173,4
5221,6982,5
8629,7835,4
12416,8173,3
9002,6550,3
4824,3420,5
2193,7841,4
7999,6062,4
6322,15374,5
2521,1871,4
2586,706,5
8168,5013,4
13520,8099,4
1668,12626,5
7391,9288,3
2987,3982,3
5217,9754,4
8408,10820,3
9159,4159,5
6521,10780,4
5038,11211,3
1712,4983,4
7687,14715,4
2934,2785,4
4621,10560,5
4332,13317,4
10424,7770,3
10061,3657,5
13590,2491,5
14694,4348,4
6857,3200,4
6502,7072,3
13910,9889,4
3863,10633,4
12089,690,4
12897,7527,3
8795,2386,5
2010,858,3
12389,1606,5
4998,10872,5
4129,15870,4
2489,14410,5
12859,7967,5
9933,8265,3
14999,4032,5
4734,5903,4
11341,14418,3
8613,10863,4
7145,4526,4
572,2568,3
6751,3835,5
2431,8940,4
5258,8375,3
757,12262,3
3914,11616,3
1305,3902,5
10810,8349,3
14502,9448,4
2637,12645,4
8784,15135,3
7755,14700,4
2560,12045,3
11156,1325,3
1351,13453,4
6394,2342,3
2752,2326,4
14975,13489,5
5783,8827,5
14449,977,3
2867,15103,4
2106,4299,4
8051,6438,4
1429,5929,3
5399,14722,3
11074,2444,3
12038,10340,3
11569,12316,3
10724,1863,5
9569,9685,5
9265,12786,4
9165,5698,3
1122,1533,3
9980,10836,4
5978,4447,5
1363,3340,4
7793,1327,5
11675,6087,5
13565,14855,5
502,4778,5
10308,11143,3
1533,11577,5
3783,15722,4
11099,8590,3
12163,1477,5
4277,15945,5
6712,2575,3
2202,9684,3
5417,7502,3
685,6850,5
14342,6382,5
7294,6819,4
10771,3894,3
7341,11864,4
7617,9903,3
4273,8887,5
8199,9731,5
4151,7078,4
13850,3940,5
639,7861,4
13227,8534,3
949,7514,3
14145,7377,5
7931,15417,4
12585,9497,3
5441,6970,5
14296,14396,3
11116,11356,3
1505,2534,4
3543,15689,5
2809,5814,4
11874,4632,3
6710,7051,5
11873,12857,5
11880,6334,3
5778,2917,4
8859,11925,3
846,1494,3
6270,7807,5
10009,690,5
4010,12599,4
4758,11922,5
8821,10192,3
3595,7004,4
14061,3755,5
4764,15415,3
10000,1139,3
7514,15917,5
14255,11844,3
12024,12607,5
14778,10273,5
11010,14604,3
12868,3618,5
12140,12313,3
7046,3715,5
12609,11622,3
10709,13216,3
3588,4510,4
14735,7174,5
14595,3131,5
896,1869,3
3235,5639,5
11687,13744,3
12750,7399,5
4378,9584,4
11452,11198,5
1848,10940,3
8739,15958,5
12960,13253,5
8907,3922,5
3332,3968,3
10581,1196,5
13879,2398,4
10137,12986,3
10383,7829,4
11423,13784,5
9818,3197,5
11655,4265,3
5364,14267,3
14305,4580,4
13798,13283,3
827,2987,4
7192,3944,3
7443,14807,3
11554,5210,4
14706,8804,3
9615,2565,5
11800,15715,3
13243,14242,3
957,11844,3
676,10263,5
9350,13001,3
12351,10506,4
9630,8706,3
1938,11806,4
4782,11380,5
10338,5668,3
11556,13882,4
13794,15742,5
9804,7283,3
5520,2830,3
13104,699,4
10587,13857,3
4665,4893,4
11463,2023,3
7457,7001,4
13979,12170,5
523,3018,4
11823,11430,4
8022,9691,5
6770,5156,5
6171,10821,3